srv-fs-main-93srv-fs-main-94235782375;srv01-AR-FS01
srv-fs-main-93srv-fs-main-94235782388;srv01-AR-FS02
srv-fs-main-93srv-fs-main-94235782372;srv01-BI-ETL01
srv-fs-main-93srv-fs-main-94235782338;srv01-BS-FS01
srv-fs-main-93srv-fs-main-94235782323;srv01-CN-FS01
srv-fs-main-93srv-fs-main-94235782317;srv01-CN-FS02
srv-fs-main-93srv-fs-main-94235782325;srv01-CN-FS10
srv-fs-main-93srv-fs-main-94235782339;srv01-CS-FS01
srv-fs-main-93srv-fs-main-94235782327;srv01-FSN04
srv-fs-main-93srv-fs-main-94235782376;srv01-FSN10
srv-fs-main-93srv-fs-main-94235782366;srv01-FSN11
srv-fs-main-93srv-fs-main-94235782367;srv01-FSN12
srv-fs-main-93srv-fs-main-94235782333;srv01-FSN13
srv-fs-main-93srv-fs-main-94235782361;srv01-FSN15
srv-fs-main-93srv-fs-main-94235782364;srv01-FSN16
srv-fs-main-93srv-fs-main-94235782385;srv01-FSN18
srv-fs-main-93srv-fs-main-94235782346;srv01-FSN19
srv-fs-main-93srv-fs-main-94235782374;srv01-FSN20
srv-fs-main-93srv-fs-main-94235782363;srv01-FSN21
srv-fs-main-93srv-fs-main-94235782350;srv01-FSN22
srv-fs-main-93srv-fs-main-94235782378;srv01-FSN23
srv-fs-main-93srv-fs-main-94235782328;srv01-FSN25
srv-fs-main-93srv-fs-main-94235782382;srv01-kavmaster
srv-fs-main-93srv-fs-main-94235782359;srv01-RP-FS01
srv-fs-main-93srv-fs-main-94235782386;srv01-RP-FS02
srv-fs-main-93srv-fs-main-94235782326;srv01-TR-FS01
srv-fs-main-93srv-fs-main-94235782370;srv01-TRN-FS01
srv-fs-main-93srv-fs-main-94235782389;srv-0202-FS02
srv-fs-main-93srv-fs-main-94235782381;srv-0221-FS01
srv-fs-main-93srv-fs-main-94235782349;srv-0223-GPNSnab01
srv-fs-main-93srv-fs-main-94235782369;srv15-ZAP-FS01
srv-fs-main-93srv-fs-main-94235782332;srv18-FS01
srv-fs-main-93srv-fs-main-94235782345;srv18-FS02
srv-fs-main-93srv-fs-main-94235782329;srv18-GPNR-FS01
srv-fs-main-93srv-fs-main-94235782379;srv19-FS01
srv-fs-main-93srv-fs-main-94235782331;srv20-FS01
srv-fs-main-93srv-fs-main-94235782392;srv22-FS01
srv-fs-main-93srv-fs-main-94235782391;srv31-FS02
srv-fs-main-93srv-fs-main-94235782330;srv32-GPNR-FS01
srv-fs-main-93srv-fs-main-94235782365;srv-l01-.consto.ru
srv-fs-main-93srv-fs-main-94235782380;srv-l02-01-fs02
srv-fs-main-93srv-fs-main-94235782321;srv-l03-02-fs01
srv-fs-main-93srv-fs-main-94235782352;srv-l03-09-FS01
srv-fs-main-93srv-fs-main-94235782343;srv-l04-
srv-fs-main-93srv-fs-main-94235782337;srv-l05-01-FS01
srv-fs-main-93srv-fs-main-94235782335;srv-l06-23-FS01
srv-fs-main-93srv-fs-main-94235782336;srv-l07-01-FS01
srv-fs-main-93srv-fs-main-94235782341;srv-l08-.consto.ru
srv-fs-main-93srv-fs-main-94235782358;srv-l08-02-fs02
srv-fs-main-93srv-fs-main-94235782357;srv-l08-02-fs04
srv-fs-main-93srv-fs-main-94235782356;srv-l08-02-fs05
srv-fs-main-93srv-fs-main-94235782355;srv-l08-02-fs09
srv-fs-main-93srv-fs-main-94235782354;srv-l09-01-FS01
srv-fs-main-93srv-fs-main-94235782353;srv-l11-01-FS01
srv-fs-main-93srv-fs-main-94235782319;srv-l11-03-FS01
srv-fs-main-93srv-fs-main-94235782344;srv-l12-L01-FS01
srv-fs-main-93srv-fs-main-94235782348;srv-l13-.tosrv-l9-
srv-fs-main-93srv-fs-main-94235782320;srv-l14-901-BN-FS03
srv-fs-main-93srv-fs-main-94235782324;srv-l15-01-DFS01
srv-fs-main-93srv-fs-main-94235782342;srv-l16-01-FS01
srv-fs-main-93srv-fs-main-94235782384;srv-l503-fs
srv-fs-main-93srv-fs-main-94235782390;srv-l6.consto.ru
srv-fs-main-93srv-fs-main-94235782387;srv-l702-ZAP-FS01
srv-fs-main-93srv-fs-main-94235782377;srv-l8-02-DKZ-FS01
srv-fs-main-93srv-fs-main-94235782340;srv-l8-03-FS01
srv-fs-main-93srv-fs-main-94235782351;srv-l8-06-MB-FS02
srv-fs-main-93srv-fs-main-94235782322;srv-l8-11-SNB-SRV01
srv-fs-main-93srv-fs-main-94235782318;srv-l8-30-fs04
srv-fs-main-93srv-fs-main-94235782362;srv-l8-30-fs07
srv-fs-main-93srv-fs-main-94235782360;srv-l8-30-fs09
srv-fs-main-93srv-fs-main-94235782368;srv-l8-47-FS01
srv-fs-main-93srv-fs-main-94235782347;srv-l8-47-FS02
srv-fs-main-93srv-fs-main-94235782373;srv-l8-47-FS03
srv-fs-main-93srv-fs-main-94235782371;srv-l9-07-FS01
srv-fs-main-93srv-fs-main-94235782383;srv-l9-08-fs01
srv-fs-main-93srv-fs-main-94235782334;srv-l9-10-fs03
